<?xml version="1.0" encoding="UTF-8"?>
<GenRun Id="impl_1" LaunchPart="xc7a100tcsg324-1" LaunchTime="1636046902">
  <File Type="ROUTE-PWR" Name="hexcalc_power_routed.rpt"/>
  <File Type="PA-TCL" Name="hexcalc.tcl"/>
  <File Type="BITSTR-MMI" Name="hexcalc.mmi"/>
  <File Type="OPT-METHODOLOGY-DRC" Name="hexcalc_methodology_drc_opted.rpt"/>
  <File Type="INIT-TIMING" Name="hexcalc_timing_summary_init.rpt"/>
  <File Type="ROUTE-PWR-SUM" Name="hexcalc_power_summary_routed.pb"/>
  <File Type="REPORTS-TCL" Name="hexcalc_reports.tcl"/>
  <File Type="OPT-TIMING" Name="hexcalc_timing_summary_opted.rpt"/>
  <File Type="OPT-DCP" Name="hexcalc_opt.dcp"/>
  <File Type="OPT-DRC" Name="hexcalc_drc_opted.rpt"/>
  <File Type="OPT-HWDEF" Name="hexcalc.hwdef"/>
  <File Type="PWROPT-DCP" Name="hexcalc_pwropt.dcp"/>
  <File Type="PWROPT-DRC" Name="hexcalc_drc_pwropted.rpt"/>
  <File Type="PWROPT-TIMING" Name="hexcalc_timing_summary_pwropted.rpt"/>
  <File Type="PLACE-DCP" Name="hexcalc_placed.dcp"/>
  <File Type="PLACE-IO" Name="hexcalc_io_placed.rpt"/>
  <File Type="PLACE-CLK" Name="hexcalc_clock_utilization_placed.rpt"/>
  <File Type="PLACE-UTIL" Name="hexcalc_utilization_placed.rpt"/>
  <File Type="PLACE-UTIL-PB" Name="hexcalc_utilization_placed.pb"/>
  <File Type="PLACE-CTRL" Name="hexcalc_control_sets_placed.rpt"/>
  <File Type="PLACE-SIMILARITY" Name="hexcalc_incremental_reuse_placed.rpt"/>
  <File Type="PLACE-PRE-SIMILARITY" Name="hexcalc_incremental_reuse_pre_placed.rpt"/>
  <File Type="BG-BIN" Name="hexcalc.bin"/>
  <File Type="PLACE-TIMING" Name="hexcalc_timing_summary_placed.rpt"/>
  <File Type="POSTPLACE-PWROPT-DCP" Name="hexcalc_postplace_pwropt.dcp"/>
  <File Type="BITSTR-MSK" Name="hexcalc.msk"/>
  <File Type="POSTPLACE-PWROPT-TIMING" Name="hexcalc_timing_summary_postplace_pwropted.rpt"/>
  <File Type="PHYSOPT-DCP" Name="hexcalc_physopt.dcp"/>
  <File Type="PHYSOPT-DRC" Name="hexcalc_drc_physopted.rpt"/>
  <File Type="BITSTR-RBT" Name="hexcalc.rbt"/>
  <File Type="PHYSOPT-TIMING" Name="hexcalc_timing_summary_physopted.rpt"/>
  <File Type="ROUTE-ERROR-DCP" Name="hexcalc_routed_error.dcp"/>
  <File Type="ROUTE-DCP" Name="hexcalc_routed.dcp"/>
  <File Type="ROUTE-BLACKBOX-DCP" Name="hexcalc_routed_bb.dcp"/>
  <File Type="ROUTE-DRC" Name="hexcalc_drc_routed.rpt"/>
  <File Type="ROUTE-DRC-PB" Name="hexcalc_drc_routed.pb"/>
  <File Type="ROUTE-DRC-RPX" Name="hexcalc_drc_routed.rpx"/>
  <File Type="ROUTE-METHODOLOGY-DRC" Name="hexcalc_methodology_drc_routed.rpt"/>
  <File Type="ROUTE-METHODOLOGY-DRC-RPX" Name="hexcalc_methodology_drc_routed.rpx"/>
  <File Type="ROUTE-METHODOLOGY-DRC-PB" Name="hexcalc_methodology_drc_routed.pb"/>
  <File Type="ROUTE-PWR-RPX" Name="hexcalc_power_routed.rpx"/>
  <File Type="ROUTE-STATUS" Name="hexcalc_route_status.rpt"/>
  <File Type="ROUTE-STATUS-PB" Name="hexcalc_route_status.pb"/>
  <File Type="ROUTE-TIMINGSUMMARY" Name="hexcalc_timing_summary_routed.rpt"/>
  <File Type="ROUTE-TIMING-PB" Name="hexcalc_timing_summary_routed.pb"/>
  <File Type="ROUTE-TIMING-RPX" Name="hexcalc_timing_summary_routed.rpx"/>
  <File Type="ROUTE-SIMILARITY" Name="hexcalc_incremental_reuse_routed.rpt"/>
  <File Type="ROUTE-CLK" Name="hexcalc_clock_utilization_routed.rpt"/>
  <File Type="ROUTE-BUS-SKEW" Name="hexcalc_bus_skew_routed.rpt"/>
  <File Type="ROUTE-BUS-SKEW-PB" Name="hexcalc_bus_skew_routed.pb"/>
  <File Type="ROUTE-BUS-SKEW-RPX" Name="hexcalc_bus_skew_routed.rpx"/>
  <File Type="POSTROUTE-PHYSOPT-DCP" Name="hexcalc_postroute_physopt.dcp"/>
  <File Type="POSTROUTE-PHYSOPT-BLACKBOX-DCP" Name="hexcalc_postroute_physopt_bb.dcp"/>
  <File Type="POSTROUTE-PHYSOPT-TIMING" Name="hexcalc_timing_summary_postroute_physopted.rpt"/>
  <File Type="POSTROUTE-PHYSOPT-TIMING-PB" Name="hexcalc_timing_summary_postroute_physopted.pb"/>
  <File Type="POSTROUTE-PHYSOPT-TIMING-RPX" Name="hexcalc_timing_summary_postroute_physopted.rpx"/>
  <File Type="POSTROUTE-PHYSOPT-BUS-SKEW" Name="hexcalc_bus_skew_postroute_physopted.rpt"/>
  <File Type="BG-BIT" Name="hexcalc.bit"/>
  <File Type="POSTROUTE-PHYSOPT-BUS-SKEW-PB" Name="hexcalc_bus_skew_postroute_physopted.pb"/>
  <File Type="POSTROUTE-PHYSOPT-BUS-SKEW-RPX" Name="hexcalc_bus_skew_postroute_physopted.rpx"/>
  <File Type="BITSTR-NKY" Name="hexcalc.nky"/>
  <File Type="BITSTR-BMM" Name="hexcalc_bd.bmm"/>
  <File Type="PDI-FILE" Name="hexcalc.pdi"/>
  <File Type="RCFI_FILE" Name="hexcalc.rcfi"/>
  <File Type="CFI_FILE" Name="hexcalc.cfi"/>
  <File Type="RNPI_FILE" Name="hexcalc.rnpi"/>
  <File Type="NPI_FILE" Name="hexcalc.npi"/>
  <File Type="RBD_FILE" Name="hexcalc.rbd"/>
  <File Type="BITSTR-LTX" Name="debug_nets.ltx"/>
  <File Type="BITSTR-LTX" Name="hexcalc.ltx"/>
  <File Type="BITSTR-SYSDEF" Name="hexcalc.sysdef"/>
  <File Type="BG-BGN" Name="hexcalc.bgn"/>
  <File Type="BG-DRC" Name="hexcalc.drc"/>
  <File Type="RDI-RDI" Name="hexcalc.vdi"/>
  <File Type="WBT-USG" Name="usage_statistics_webtalk.html"/>
  <FileSet Name="sources" Type="DesignSrcs" RelSrcDir="$PSRCDIR/sources_1" RelGenDir="$PGENDIR/sources_1">
    <Filter Type="Srcs"/>
    <File Path="$PSRCDIR/sources_1/new/keypad.vhd">
      <FileInfo>
        <Attr Name="UsedIn" Val="synthesis"/>
        <Attr Name="UsedIn" Val="simulation"/>
      </FileInfo>
    </File>
    <File Path="$PSRCDIR/sources_1/new/leddec16.vhd">
      <FileInfo>
        <Attr Name="UsedIn" Val="synthesis"/>
        <Attr Name="UsedIn" Val="simulation"/>
      </FileInfo>
    </File>
    <File Path="$PSRCDIR/sources_1/new/hexcalc.vhd">
      <FileInfo>
        <Attr Name="UsedIn" Val="synthesis"/>
        <Attr Name="UsedIn" Val="simulation"/>
      </FileInfo>
    </File>
    <Config>
      <Option Name="DesignMode" Val="RTL"/>
      <Option Name="TopModule" Val="hexcalc"/>
      <Option Name="TopAutoSet" Val="TRUE"/>
    </Config>
  </FileSet>
  <FileSet Name="constrs_in" Type="Constrs" RelSrcDir="$PSRCDIR/constrs_1">
    <Filter Type="Constrs"/>
    <File Path="$PSRCDIR/constrs_1/new/hexcalc.xdc">
      <FileInfo>
        <Attr Name="UsedIn" Val="synthesis"/>
        <Attr Name="UsedIn" Val="implementation"/>
      </FileInfo>
    </File>
    <Config>
      <Option Name="ConstrsType" Val="XDC"/>
    </Config>
  </FileSet>
  <FileSet Name="utils" Type="Utils" RelSrcDir="$PSRCDIR/utils_1">
    <Filter Type="Utils"/>
    <Config>
      <Option Name="TopAutoSet" Val="TRUE"/>
    </Config>
  </FileSet>
  <Strategy Version="1" Minor="2">
    <StratHandle Name="Vivado Implementation Defaults" Flow="Vivado Implementation 2021">
      <Desc>Default settings for Implementation.</Desc>
    </StratHandle>
    <Step Id="init_design"/>
    <Step Id="opt_design"/>
    <Step Id="power_opt_design"/>
    <Step Id="place_design"/>
    <Step Id="post_place_power_opt_design"/>
    <Step Id="phys_opt_design"/>
    <Step Id="route_design"/>
    <Step Id="post_route_phys_opt_design"/>
    <Step Id="write_bitstream"/>
  </Strategy>
</GenRun>
